{
  "final_balance": 100961.11636029952,
  "equity_curve": [
    100000.0,
    100000.0,
    100000.0,
    100000.0,
    100000.0,
    100000.0,
    100000.0,
    100000.0,
    100000.0,
    100000.0,
    100000.0,
    100000.0,
    99999.08395004475,
    100005.28095004475,
    100016.25395004475,
    100024.71695004475,
    100018.83695004474,
    100018.68095004476,
    100014.57095004476,
    100012.47995004476,
    100001.35495004476,
    99992.75095004475,
    100002.74095004475,
    100001.31195004475,
    99991.23983682325,
    99996.89183682326,
    100015.42216846376,
    100054.77616846377,
    100056.85537357352,
    100079.07537357352,
    100095.13137357352,
    100147.18337357351,
    100191.69137357351,
    100206.67537357351,
    100162.5113735735,
    100124.81537357351,
    100108.17537357351,
    100052.41537357352,
    100067.7273735735,
    100078.57137357352,
    100129.37537357351,
    100086.37937357351,
    100052.54042389452,
    100098.67042389452,
    100085.85862050252,
    100128.77662050253,
    100183.06462050253,
    100196.95462050253,
    100208.55862050253,
    100207.73662050252,
    100272.17062050253,
    100226.04262050253,
    100152.69862050252,
    100123.97062050253,
    100113.40462050252,
    100094.30662050252,
    100025.39662050252,
    100074.74662050253,
    100060.88662050253,
    100075.08262050252,
    100112.22262050252,
    100083.57862050252,
    100045.77262050252,
    100127.27662050253,
    100136.07862050252,
    100120.76062050252,
    100045.94662050252,
    99995.16262050252,
    99970.32392388603,
    99896.01192388602,
    99947.44092388602,
    99977.88392388602,
    100068.85592388602,
    100120.57892388603,
    100042.87192388602,
    99953.77246082778,
    99948.90846082778,
    100041.88446082777,
    99947.41246082778,
    100041.62846082778,
    100151.42846082778,
    100161.16446082777,
    100057.91646082778,
    99985.78046082778,
    99971.35646082778,
    99869.62046082778,
    99768.77246082778,
    99801.19646082778,
    99780.55646082778,
    99719.43646082778,
    99763.26846082778,
    99764.98046082778,
    99837.69246082778,
    99746.22046082778,
    99809.90046082778,
    99713.67646082777,
    99616.78846082778,
    99699.78046082778,
    99641.16446082777,
    99721.86046082778,
    99737.48446082778,
    99688.06846082778,
    99663.64446082778,
    99686.35732209853,
    99616.54432209853,
    99724.67882528003,
    99803.11882528002,
    99772.98882528003,
    99901.64882528002,
    100023.96882528003,
    99918.80882528002,
    99805.92882528003,
    99686.11882528002,
    99611.98851225678,
    99612.10951225678,
    99645.58251225678,
    99768.36451225678,
    99844.14351225678,
    99919.63651225678,
    99790.32051225677,
    99832.76951225678,
    99868.29951225678,
    99903.69751225678,
    99828.46851225678,
    99948.81951225677,
    99995.33851225677,
    99885.41551225678,
    99812.26551225678,
    99808.81151225678,
    99730.74451225677,
    99598.21651225678,
    99573.3266350923,
    99601.56263509228,
    99758.69823204729,
    99872.31823204728,
    99770.7528327533,
    99816.00083275329,
    99976.72265276503,
    100112.75765276504,
    100212.01265276504,
    100416.98765276503,
    100266.94265276504,
    100309.84265276503,
    100186.77540426054,
    100192.02340426054,
    100246.69735180528,
    100385.82535180528,
    100435.92435180528,
    100594.43235180528,
    100772.7113518053,
    100577.48335180529,
    100623.14535180529,
    100467.61235180529,
    100535.66335180528,
    100703.77635180528,
    100690.4313518053,
    100874.21835180529,
    100630.69664968905,
    100742.51264968904,
    100810.76388805854,
    100695.73788805853,
    100835.62476708829,
    101002.62476708829,
    101155.5847670883,
    101242.54476708829,
    101157.56476708829,
    101430.32476708828,
    101238.00476708829,
    101259.5847670883,
    101080.28476708829,
    101081.20476708829,
    101358.04476708829,
    101451.20476708829,
    101348.04476708829,
    101290.4647670883,
    101387.6047670883,
    101213.00572338855,
    101234.90872338854,
    101245.20509929379,
    101517.14709929378,
    101567.74709929379,
    101790.40909929379,
    101773.05843018928,
    101880.30743018928,
    102053.65843018927,
    101940.17644925727,
    102252.77644925728,
    102421.61636029952,
    102546.14136029953,
    102199.01636029953,
    102504.96636029953,
    102774.34136029953,
    103020.11636029952,
    102702.89136029953,
    102614.31636029953,
    102278.24136029952,
    101981.16636029952,
    102242.49136029952,
    102122.61636029952,
    102368.14136029953,
    102373.26636029953,
    102329.11636029952,
    102618.06636029953,
    102969.66636029952,
    102860.56636029953,
    102592.04136029952,
    102663.06636029953,
    102516.79136029952,
    102240.94136029953,
    102311.74136029952,
    102248.19136029953,
    102546.76636029953,
    102710.99136029952,
    102378.79136029952,
    102683.76636029953,
    102999.94136029953,
    102849.09136029953,
    102659.19136029953,
    102361.94136029953,
    102226.89136029953,
    102351.44136029953,
    102586.69136029953,
    102875.34136029953,
    102622.14136029953,
    102335.46636029953,
    102496.79136029952,
    102158.81636029953,
    102047.19136029953,
    101855.16636029952,
    102157.29136029952,
    101998.11636029952,
    102361.24136029952,
    102540.39136029953,
    102802.99136029952,
    102855.14136029953,
    102829.86636029952,
    102552.14136029953,
    102503.11636029952,
    102366.51636029953,
    102132.34136029953,
    101979.99136029952,
    102020.86636029952,
    102255.14136029953,
    102029.09136029953,
    101921.46636029953,
    101712.36636029952,
    101504.66636029952,
    101419.69136029953,
    101469.66636029952,
    101828.41636029952,
    101587.91636029952,
    101777.04136029952,
    101961.46636029953,
    101795.59136029953,
    101733.81636029953,
    101774.74136029952,
    101463.94136029953,
    101168.69136029953,
    100810.26636029953,
    100578.79136029952,
    100560.81636029953,
    100539.36636029952,
    100458.24136029952,
    100546.91636029952,
    100209.94136029953,
    100139.89136029953,
    100222.61636029952,
    100126.09136029953,
    100407.96636029953,
    100311.44136029953,
    100512.01636029953,
    100459.64136029953,
    100795.34136029953,
    100642.74136029952,
    100961.11636029952
  ],
  "cum_return": 0.009611163602995187,
  "sharpe": 0.3961904424153463,
  "max_drawdown": -0.028091843634485098,
  "trades": [
    {
      "t": 12,
      "side": "buy",
      "qty": 10,
      "price": 91.62789104999999,
      "commission": 0.45813945525
    },
    {
      "t": 24,
      "side": "buy",
      "qty": 10,
      "price": 90.9340443,
      "commission": 0.45467022149999997
    },
    {
      "t": 26,
      "side": "buy",
      "qty": 10,
      "price": 92.1898719,
      "commission": 0.46094935950000004
    },
    {
      "t": 28,
      "side": "buy",
      "qty": 10,
      "price": 93.60287805,
      "commission": 0.46801439025
    },
    {
      "t": 42,
      "side": "buy",
      "qty": 10,
      "price": 93.51833579999999,
      "commission": 0.4675916789999999
    },
    {
      "t": 44,
      "side": "buy",
      "qty": 10,
      "price": 94.2038784,
      "commission": 0.471019392
    },
    {
      "t": 68,
      "side": "buy",
      "qty": 10,
      "price": 92.29272329999999,
      "commission": 0.46146361649999995
    },
    {
      "t": 75,
      "side": "buy",
      "qty": 10,
      "price": 92.06931165,
      "commission": 0.46034655825000004
    },
    {
      "t": 103,
      "side": "buy",
      "qty": 10,
      "price": 88.73604585,
      "commission": 0.44368022925
    },
    {
      "t": 105,
      "side": "buy",
      "qty": 10,
      "price": 89.17196369999999,
      "commission": 0.44585981849999995
    },
    {
      "t": 113,
      "side": "buy",
      "qty": 10,